Keyword,Monthly Search Volume,Difficulty,Intent,Current Rank,Assigned Page,Priority,Source
silverado emblem,590,24,Commercial/Informational,43,/products?make=Chevrolet,Critical,SEMrush
engraved chevy emblem,170,24,Informational,11,/products?make=Chevrolet,Critical,SEMrush
chevrolet truck emblems,140,18,Transactional,79,/products?make=Chevrolet,Critical,SEMrush+GSC
custom chevy badges,140,10,Commercial,46,/products?make=Chevrolet,Critical,SEMrush+GSC
chevy silverado emblem,140,14,Commercial/Informational,37,/products?make=Chevrolet,Critical,SEMrush+GSC
engraved chevy logo,70,21,Commercial/Informational,18,/products?make=Chevrolet,Critical,SEMrush
engraving nation,n/a,n/a,Navigational,Appearing,/,Monitored,GSC
chevy silverado emblems,est 140,14,Transactional,Appearing,/products?make=Chevrolet,Critical,GSC
silverado badge,est 100,12,Transactional,Appearing,/products?make=Chevrolet,High,GSC
silverado badges,est 100,12,Transactional,Appearing,/products?make=Chevrolet,High,GSC
chevrolet silverado logo,est 90,15,Informational,Appearing,/products?make=Chevrolet,High,GSC
chevrolet silverado emblem,est 150,16,Commercial,Appearing,/products?make=Chevrolet,Critical,GSC
engraved car parts,est 80,8,Transactional,Appearing,/products,High,GSC
silverado emblems,est 200,20,Transactional,Appearing,/products?make=Chevrolet,Critical,GSC
chevy silverado badges,est 60,10,Commercial,Appearing,/products?make=Chevrolet,High,GSC
chevrolet silverado emblems,est 100,16,Transactional,Appearing,/products?make=Chevrolet,High,GSC
chevy high country emblem,est 170,12,Commercial,Appearing,Product page (needs targeting),High,GSC
chevy truck badges,est 110,10,Transactional,Appearing,/products?make=Chevrolet,High,GSC
chevy emblem custom,est 120,12,Commercial,Appearing,/products?make=Chevrolet,High,GSC
custom silverado badges,est 80,8,Commercial,Appearing,/products?make=Chevrolet,High,GSC
chevy silverado emblem replacement,est 200,18,Transactional,Appearing,/products?make=Chevrolet,Critical,GSC
silverado ev emblems,est 50,5,Commercial,Appearing,Product page (needs targeting),Medium,GSC
white chevy emblem for silverado,est 70,8,Commercial,Appearing,Product page (needs targeting),Medium,GSC
chevy badges and emblems,est 90,10,Commercial,Appearing,/products?make=Chevrolet,High,GSC
silverado logos,est 70,10,Informational,Appearing,/products?make=Chevrolet,High,GSC
custom chevy emblem,1900,45,Transactional,Unranked,/products?make=Chevrolet,Critical,Estimated
custom gmc emblem,720,40,Transactional,Unranked,/products?make=GMC,Critical,Estimated
custom ford emblem black,590,35,Transactional,Unranked,/products/black-ford-emblem,High,Estimated
custom ram emblem,410,30,Transactional,Unranked,/products?make=RAM,High,Estimated
chevy emblem overlay,1600,50,Transactional,Unranked,/products?make=Chevrolet,High,Estimated
how to remove chevy emblem from grille,est 140,15,Informational,Unranked,Blog,High,Research Image
how to remove silverado emblems,est 210,18,Informational,Unranked,Blog,High,Research Image
how to change chevy emblem on silverado,est 170,12,Informational,Unranked,Blog,High,Research Image
how to install z71 grill emblem on 2020 silverado,est 90,10,Informational,Unranked,Blog,High,Research Image
does a silverado emblem fit a camaro,est 50,5,Informational,Unranked,Blog,High,Research Image
measurements for tailgate emblems on a silverado,est 40,8,Informational,Unranked,Blog,High,Research Image
how does bowtie emblem attach to grill of 77 silverado,est 30,12,Informational,Unranked,Blog,High,Research Image
how to black out 2015 silverado grill emblem,est 70,14,Informational,Unranked,Blog,High,Research Image
how to install illuminated emblem kit chev silverado,est 60,10,Informational,Unranked,Blog,High,Research Image
how to remove 07 silverado tailgate emblem,est 80,15,Informational,Unranked,Blog,High,Research Image
where is silverado g80 emblem located,est 40,5,Informational,Unranked,Blog,High,Research Image
how to plasti dip silverado emblems,est 120,12,Informational,Unranked,Blog,High,Research Image
how to remove truck badges,est 90,15,Informational,Unranked,Blog,High,Research Image
gmc emblem replacement,890,40,Transactional,Unranked,/products?make=GMC,High,Estimated
