Keyword,Target URL,Priority,Optimized Element,Status
silverado emblem,/products?make=Chevrolet,Critical,H1 / Category Description,TARGETED
engraved chevy emblem,/products?make=Chevrolet,Critical,Title / Meta / Answer Capsule,TARGETED
custom chevy badges,/products?make=Chevrolet,Critical,Title / Meta / H2,TARGETED
gmc mirror caps,/products?make=GMC,High,H1 / Product Descriptions,TARGETED
ford f-150 custom emblems,/products?make=Ford,High,H2 / Meta Description,TARGETED
hand-etched automotive engravings,/glossary,High,Glossary Entry / Answer Capsule,TARGETED
how to remove chevy emblem,/articles,Medium,Blog Title / H2,PENDING
silverado emblem removal guide,/articles,Medium,Blog Title / FAQ,PENDING
engraving nation vs billet badges,/glossary,Medium,Comparison Table,PENDING
custom truck accessories near me,/,Low,LocalBusiness Schema,TARGETED
Precision Engraving,/glossary,Medium,Definition Block,TARGETED
OEM Fitment,/glossary,Medium,Definition Block,TARGETED
